2025-05-04T01:12:35.709446,who is he,Vaibhav
2025-05-04T01:12:40.926420,who is he,Manas
2025-05-04T01:12:48.983509,who is he who is here,Dev
2025-05-04T01:24:29.781615,who is he,Vaibhav
2025-05-04T01:24:33.831684,who is he,Manas
2025-05-04T01:24:38.732645,who is he,Dev
2025-05-04T01:24:53.480614,who is he,Vaibhav
2025-05-04T01:25:04.180500,who is he,Manas
2025-05-04T01:25:14.688044,who is he,Dev
2025-05-04T01:34:35.562278,who is he,Vaibhav
2025-05-04T01:35:04.645004,koi bhi who is he,Vaibhav
2025-05-04T01:35:14.063326,who is he,Manas
2025-05-04T01:35:29.212389,who is he,Dev
2025-05-04T10:56:04.274161,who is he,Vaibhav
2025-05-04T10:56:34.674584,who is he,Manas
2025-05-04T11:55:47.790613,who is he,Vaibhav
2025-05-04T11:55:54.228743,who is he terminal,Manas
2025-05-04T11:56:02.058297,who is he,Dev
